기계공학과,0
항공우주공학과,0
조선해양공학과,0
산업경영공학과,0
화학공학과,0
생명공학과,0
고분자공학과,0
신소재공학과,0
사회인프라공학과,0
환경공학과,0
공간정보학과,0
건축공학과,0
건축학과,0
에너지자원공학과,0
융합기술경영학부,0
전기공학과,0
전자공학과,0
컴퓨터공학과,0
정보통신공학과,0
수학과,0
통계학과,0
물리학과,0
화학과,0
생명과학과,0
해양과학과,0
식품영양학과,0
경영학과,0
글로벌금융학과,0
아태물류학부,0
국제통상학과,0
국어교육학과,0
영어교육과,0
사회교육과,0
교육학과,0
체육교육과,0
수학교육과,0
행정학과,0
정치외교학과,0
미디어커뮤니케이션학과(언론정보학과),0
경제학과,0
소비자학과,0
아동심리학과,0
사회복지학과,0
한국어문학과,0
사학과,0
철학과,0
중국학과,0
일본언어문화학과,0
영어영문학과,0
프랑스언어문화학과,0
문화콘텐츠문화경영학과,0
의예과,0
간호학과,0
메카트로닉스공학과,0
소프트웨어융합공학과,0
산업경영학과,0
금융세무재테크학과(금융투자학과),0
조형예술학과,0
디자인융합학과,0
스포츠과학과,0
연극영화학과,0
의류디자인학과,0
국제학부,0